body,label,source,title
,খেলাধুলা,https://www.dailyinqilab.com/article/293970/,এবার বাতিল মেক্সিকোর লিগ
"ের জেরে সাধারণ থেকে শোবিজ তারকা ঘরবন্দি সবাই। এই সময়ে সোশ্যাল মিডিয়ায় তাদের কর্মকাণ্ডের ছবি শেয়ার করছেন অনেকেই। কাজ না থাকায় অবসরে আছেন নবাব পরিবারের বধূ কারিনা কাপুর খানও। নিজের মনকে প্রফুল্ল রাখতে নানা কারণে সোশ্যাল মিডিয়ায় হাজির হচ্ছেন বেবো।,এবার কারিনার দেখানো পথে পা বাড়ালেন আরেক বলি অভিনেত্রী মালাইকা আরোরা। সম্প্রতি নিজের ইন্সটাগ্রামে একটি পোস্ট শেয়ার করেন তিনি। সেখানে লিখেছেন, ""বেবো, তোমার কথায় আমি জিমের পোশাক ছেড়ে গরমের আরামদায়ক কাফতান পড়েছি। চুল ড্রাই না করে এলোমেলো রেখেছি এবং কোনও মেপআপ নিচ্ছি না।"" এই পোস্টের কমেন্টে প্রসংশা করে কারিনা লেখেন, এবার ওয়াইন ছেড়ে জুস খাওয়ার অভ্যাস কর।,তাদের দু´জনের এমন খোলামেলা কথাবার্তা মুহুর্তেই নেট জনতার নজরে আসে। এতে অনেকেই ভাবছেন মালাইকার বর্তমান প্রেমিকের সূত্রে কারিনা তার পরিবারের একজন। আর সে কারণেই বেবোর কথা শুনে নিজেকে বদলানোর চেষ্টা করছেন অর্জুনের প্রেমিকা।,এদিকে , থেকে রেহাই পেতে কোয়ারেন্টিনে আছেন কারিনা কাপুর। তার সঙ্গে রয়েছেন স্বামী ও অভিনেতা সাইফ আলী এবং পুত্র তৈমুর আলী খান। অন্যদিকে নিজের বাসায় স্বেচ্ছাবন্দি আছেন মালাইকা। তবে বলিউডের বাতাসে ঘুরে বেড়াচ্ছে ,ের দিনে তার সঙ্গে প্রেমিক অর্জুন কাপুরও থাকছেন।",বিনোদন প্রতিদিন,https://www.dailyinqilab.com/article/293971/,মালাইকাকে ওয়াইন ছেড়ে জুস খাওয়ার পরামর্শ দিলেন কারিনা কাপুর
,খেলাধুলা,https://www.dailyinqilab.com/article/293972/,সেরেনাকে ছাড়িয়ে ওসাকা
,খেলাধুলা,https://www.dailyinqilab.com/article/293973/,ক্রিকেট ফেরাতে আইসিসির কড়া নির্দেশিকা
,খেলাধুলা,https://www.dailyinqilab.com/article/293974/,পেসারদের নিয়েই বেশি ভাবছে আইসিসি
,খেলাধুলা,https://www.dailyinqilab.com/article/293975/,"‘বেঁচে আছি’, নিজেই জানালেন ইয়াসির শাহ"
,খেলাধুলা,https://www.dailyinqilab.com/article/293976/,করোনায় আক্রান্ত বিসিবি পরিচালক নাদেল
"মুসলমানদের অন্যতম ধর্মীয় উৎসব পবিত্র ঈদুল ফিতর কবে উদযাপন হবে, তা আজ জানা যাবে। আজ শাওয়াল মাসের চাঁদ দেখা গেলে ঈদ হবে আগামীকাল রোববার। আর চাঁদ দেখা না গেলে ঈদ হবে সোমবার।,ইসলামিক ফাউন্ডেশন জানিয়েছিল, আজ মাগরিবের নামাজের পর ফাউন্ডেশনের বায়তুল মোকাররম সভাকক্ষে বৈঠকে বসবে জাতীয় চাঁদ দেখা কমিটি। তাতে সভাপতিত্ব করবেন ধর্ম প্রতিমন্ত্রী ও কমিটির সভাপতি শেখ মো. আব্দুল্লাহ। সেই কমিটি বৈঠকে বসেছে দেরিতে। চাঁদ দেখা নিয়ে কমিটির সদস্যরা পর্যালোচনা করছেন বলে জানিয়েছেন একজন কর্মকর্তা। সেই পর্যালোচনা করতে করতে ইতোমধ্যে এশার আযানের সময়ও ঘনিয়ে এসেছে। অথচ কমিটি তাদের সিদ্ধান্ত জানাতে পারেনি। নাম প্রকাশ না করার শর্তে একজন কর্মকর্তা বলেন, পর্যালোচনা শেষে কাল ঈদ হবে কিনা তা জানানো হবে। ,এদিকে, ইসলামিক ফাউন্ডেশনের সিদ্ধান্তের অপেক্ষায় দেশের কোটি কোটি ধর্মপ্রাণ মুসলমান। অনেকের মতে, কাল ঈদ হচ্ছে না এটা অনেকটা নিশ্চিত। তবে কেন এ সময়ক্ষেপণ? ইসলামিক ফাউন্ডেশন মাগরিবের পরে অনায়াসে তাদের সিদ্ধান্ত জানিয়ে দিলে কোটি কোটি মুসলমান ভোগান্তিতে পড়তো না। ,অন্যদিকে, বাংলাদেশের আকাশে কোথাও শাওয়াল মাসের চাঁদ দেখা গেলে তা ৯৫৫৯৪৯৩, ৯৫৫৯৬৪৩, ৯৫৫৫৯৪৭, ৯৫৫৬৪০৭ কিংবা ৯৫৫৮৩৩৭ নম্বরে ফোন করে সংশ্লিষ্ট জেলা প্রশাসক অথবা উপজেলা নির্বাহী কর্মকর্তাকে জানাতে অনুরোধ করা হয়েছে। জানানো যাবে ৯৫৬৩৩৯৭ ও ৯৫৫৫৯৫১ নম্বরে ফ্যাক্স করেও।,রাজধানীতে এবার ঈদুল ফিতরের প্রধান জামাত অনুষ্ঠিত হবে বায়তুল মোকাররম জাতীয় মসজিদে সকাল ৭টায়। এরপর আরও চারটি জামাত হবে সকাল ৮টা, ৯টা, ১০টা এবং পৌনে ১১টায়।",জাতীয় সংবাদ,https://www.dailyinqilab.com/article/293977/,বৈঠকে চাঁদ দেখা কমিটি : পর্যালোচনা করতে করতেই সময় পার
"ঢাকার কেরানীগঞ্জে করোন উপসর্গ নিয়ে এবার উপজেলা বিআরডিবি অফিসের এক সহকারী হিসাব রক্ষন কর্মকর্তার মৃত্যু হয়েছে। তার নাম মোঃ মানিক (৫০)। তিনি জ্বর, সর্দি ও কাশি নিয়ে দুইদিন আগে কেরানীগঞ্জ উপজেলা স্বাস্থ্যকমপ্লেক্সে ভর্তি হয়েছিলেন। আজ শনিবার(২৩মে) সকালে চিকিৎসাধীন অবস্থায় তিনি সেখানে মারা যান। তিনি দীর্ঘদিন যাবত বিআরডিবি অফিসে সহকারী হিসাব রক্ষন কর্মকর্তা হিসেবে দায়িত্ব পালন করে আসছিলেন। তার লাশ সকালে তার গ্রামের বাড়ি টাংগাইলে পাঠিয়ে দেয়া হয়েছে।তার নমুনা সংগ্রহ করে তা পরীক্ষা করার জন্য ঢাকায় পাঠানো হয়েছে।",সারা বাংলার খবর,https://www.dailyinqilab.com/article/293978/,কেরানীগঞ্জে করোনা উপসর্গ নিয়ে হিসাব রক্ষন কর্মকর্তার মৃত্যু
"চাঁদপুরের মতলব উত্তর উপজেলার ১৮টি গ্রামে রোববার ঈদুল ফিতর উদযাপিত হবে। উপজেলার মোহনপুর ইউনিয়নস্থ পাঁচানী, বাহেরচর পাঁচানী, আইটাদি পাঁচানী, দেওয়ানকান্দি, লতুর্দী, সাতানী ও দক্ষিণ মাথাভাঙ্গার আংশিক, সাদুল্যাপুর ইউনিয়নের আমিয়াপুর গ্রামের একাংশ, ইসলামবাদ ইউনিয়নের মধ্য ইসলামবাদ গ্রামের একাংশ, ফতেপুর পশ্চিম ইউনিয়নের গাজীপুর গ্রামের একাংশ, এখলাছপুর ইউনিয়নের মধ্য এখলাছপুর (বড়ইকান্দি) গ্রামের একাংশ এবং ফরাজীকান্দি ইউনিয়নের ফরাজীকান্দি, রামদাশপুর, চরমাছুয়া, হাজিপুর, দক্ষিণ রামপুর, সরকারপাড়া ও ঠাকুরপাড়া গ্রামগুলোর একাংশ মুসলমানরা ঈদ উদযাপন করবে।,দেওয়ানকান্দি গ্রামের সাংবাদিক বোরহান উদ্দিন ডালিম বলেন, আমরা চট্টগ্রামের মির্জাখিল দরবার শরীফের অনুসারী হিসাবেই এভাবে সঠিক সময়ে ঈদ উদযাপন করে আসছি।,উপজেলা নির্বাহী কর্মকর্তা এএম জহিরুল হায়াত বলেন, সরকারি নির্দেশনা মেনেই ঈদের জামাত অনুষ্ঠিত হবে। সামাজিক দুরুত্ব বজায়ে রেখেই ঈদের জামাত অনুষ্ঠানের জন্য মসজিদ গুলো প্রস্তুত করা হচ্ছে।",সারা বাংলার খবর,https://www.dailyinqilab.com/article/293979/,কাল মতলবে ১৮টি গ্রামে আগাম ঈদ
"চাঁদের ওপর নির্ভর করে ঈদ উদযাপনের সময়। এবারও তার ব্যতিক্রম হয়নি। শুক্রবার (২২ মে) শাওয়ালের চাঁদ দেখা না যাওয়ায় তুরস্ক, ইন্দোনেশিয়া ও অস্ট্রেলিয়ায় রমজান মাস ৩০ দিন পূর্ণ হবে শনিবার (২৩ মে)। সে হিসাবে আগামী রোববার (২৪ মে) পবিত্র ঈদুল ফিতর উদযাপন হবে দেশ তিনটিতে। মধ্যপাচ্যেও রোববার ঈদ উদযাপিত হবে  সংশ্লিষ্ট কর্তৃপক্ষের মতামতের ভিত্তিতে ওই তিন দেশের সরকার এ সিদ্ধান্ত জানিয়েছে।  তুরস্কের পক্ষ থেকে বলা হয়েছে, দেশটির আকাশে শাওয়ালের চাঁদ দেখা না যাওয়ায় আগামী রোববার উদযাপন হবে পবিত্র ঈদুল ফিতর।  ইন্দোনেশিয়ার জ্যোতির্বিজ্ঞান কেন্দ্র জানিয়েছে, সেখানেও রোববার উদযাপিত হবে পবিত্র ঈদুল ফিতর।  আর অস্ট্রেলিয়ান জাতীয় ইমাম পরিষদ বলেছে, শনিবার হবে রমজানের শেষ দিন। আর রোববার শাওয়ালের প্রথম দিনে উদযাপিত হবে ঈদুল ফিতর।  ,ভাইরাসের প্রকোপের কারণে গোটা বিশ্বের মতো মুসলিম দেশগুলোতেও সামাজিক দূরত্ব বজায় ও স্বাস্থ্যবিধি মেনে চলা হচ্ছে। সে কারণে অনেক দেশেই স্বাভাবিকভাবে রমজানের তারাবিহ নামাজ পড়া যায়নি। এর মধ্যে সংযুক্ত আরব আমিরাতসহ কিছু দেশ এবার ঈদের জামাত হবে না বলেও জানিয়ে দিয়েছে। কিছু দেশ একেবারেই সীমিত উপস্থিতিতে সামাজিক দূরত্ব বজায় রেখে ঈদের নামাজ আদায়ের নির্দেশনা দিয়েছে।",সকল ফিচার,https://www.dailyinqilab.com/article/293980/,যে সব অঞ্চলে রোববার ঈদুল ফিতর
"ভাইরাসের ভ্যাকসিন প্রয়োগে প্রথম ধাপে সফল হয়েছে চীন। এখন অপেক্ষা আর দুটি ট্রায়ালের। ভ্যাকসিনটির ক্লিনিক্যাল ট্রায়ালের পর গতকাল শুক্রবার এক প্রেস বিজ্ঞপ্তিতে এ তথ্য নিশ্চিত করেছে চিকিৎসা বিষয়ক বিখ্যাত সাময়িকী দ্য ল্যানসেট।, ,প্রতিবেদনে বলা হয়, ভ্যাকসিনটি এখনই ব্যবহার করা হবে না। কেননা, এর ব্যবহারের শতভাগ নিশ্চিত হতে আরও দুটি ট্রায়ালের জন্য অপেক্ষা করতে হবে। প্রথম ধাপে ১০৮ জন স্বাস্থ্যবান স্বেচ্ছাসেবীকে নিয়ে ভ্যাকসিনটির ট্রায়াল দেয়া হয়। ২৮ দিন পর বিজ্ঞানীরা ‘আশা জাগানিয়া’ ফল পান। বাকি দুটি ধাপের ট্রায়াল শেষ হতে হতে আরও ছয় মাস সময় লাগবে।,দ্য ল্যানসেট জানিয়েছে, (Ad5-nCoV) ভ্যাকসিনটি মানুষের শরীরে নিরাপদ, সহনশীল এবং নভেল ,র বিরুদ্ধে ভালো রোগ প্রতিরোধক ব্যবস্থা গড়ে তুলেছে। মানুষের শরীরে ক্ষতিকর ভাইরাস প্রবেশ করলে রক্তে আপনা-আপনি এক ধরনের প্রতিরোধক ব্যবস্থা (অ্যান্টি-বডি) গড়ে ওঠে। অধিকাংশ ভাইরাস সেই অ্যান্টিবডির কারণে শরীরের ক্ষতি করতে পারে না। ,ভাইরাস কিন্তু তা পারছে। একে প্রতিরোধ করতে হলে টিকার মাধ্যমে রোগ প্রতিরোধক ব্যবস্থাকে (ইমিউন সিস্টেম) শক্তিশালী করা দরকার।,সেই চেষ্টায় চীনে এখন পর্যন্ত পাঁচটি প্রতিষ্ঠান ভ্যাকসিনের হিউম্যান ট্রায়াল শুরু করেছে বিজ্ঞানীরা । ল্যানসেট যে ভ্যাকসিনটির খবর দিয়েছে, সেটি নিয়ে কাজ করছে বেইজিং ইনস্টিটিউট অব বায়োটেকনোলজি। প্রতিষ্ঠানটির প্রফেসর ওয়েই চেন প্রথম ধাপের ডেটা বিশ্লেষণকে ‘গুরুত্বপূর্ণ মাইলফলক’ বলেছেন।,কোনো প্রতিষেধক না থাকা কোভিড-১৯ রোগের ভ্যাকসিন তৈরি করতে চীনসহ কয়েকটি দেশ উঠেপড়ে লেগেছে। চীনের সঙ্গে যৌথভাবে জার্মানি কাজ করছে। এর মধ্যে ১২টি কোম্পানিও চেষ্টা করছে।, ",আন্তর্জাতিক সংবাদ,https://www.dailyinqilab.com/article/293981/,করোনাভাইরাসের ভ্যাকসিন প্রয়োগে প্রথম ধাপে সফল চীন
"সাইক্লোন আমফান কেড়ে নিয়েছে মাগুরার হাজারো কৃষকের স্বপ্ন। তারা বর্তমানে দিশাহারা। জেলায় মোট ৮ হাজার ৫৭১ হেক্টর জমির কলা, পেঁপে, আম, লিচু, পাট, মরিচ ও সবজি ক্ষেত নষ্ট হয়েছে। এ তথ্য জেলা কৃষি সম্পসারণ অধিদপ্তরের। গাছ উপড়ে পড়েছে ঘরবাড়ি ভেঙে পড়েছে বিভিন্ন এলাকায়। বুধবার রাত ৯ টার দিকে ঝড়ের শুরু থেকে রাত তিনটা পর্যন্ত ১৫ ঘন্টা জেলায় বিদ্যুৎ সংযোগ বিছিন্ন ছিলো। এ সময় মাগুরার ৪ উপজেলায় গড়ে ২০ মিলি মিটার বৃষ্টিপাত রেকর্ড করেছে বলে জানিয়েছে কৃষি বিভাগ।মাগুরা সদরের শ্রীকুন্ডি গ্রামের কৃষক, ঈদুল শেখ জানান,তার ৬ বিঘা জমিতে কলা ও পেপে চাষ করেছে। কিন্তু সুপার সাইক্লোন আম্পানের তান্ডবে জমির কলা ও পেপে গাছ সব নষ্ট হয়ে গেছে। এতে তার প্রায় ৪লক্ষ টাকার ফসলের ক্ষতি হয়েছে। এমন ক্ষতির সম্মুখীন হয়ে বর্গাচাষী ঈদুল শেখ এখন দিশেহারা হয়ে পড়েছেন।,মাগুরা পৌর এলাকার প্রান্তিক কৃষক,বাবলু মোল্যা জানান, সে ২একর জমিতে কলার চাষ করেছে। ঘূর্ণিঝড় আম্পানে তার জমির প্রায় দুই হাজার কলাগাছ নষ্ট হয়ে গেছে। এতে তার প্রায় ৩ লক্ষ টাকার ফসলের ক্ষতি হয়েছে। সে আরো জানান এনজিওর লোন করে এই চাষআবাদ করেছিল। এই কলা বিক্রি করে লোন শোধ করার কথা ছিল তার। কিন্তু ঘুর্নিঝড়ে কলাগাছ নষ্ট হয়ে যাওয়াতে সে এখন বিপাকে পড়েছে। এখন তার আশা সরকারি কোন সহযোগীতা পেলে সে আবার ঘুরে দাড়াতে পারবে ।সদর উপজেলার হাজরাপুর ইউনিয়নে চাষি মোঃ রবিউল ইসলাম জানান, হাজরাপুরসহ আশ-পাশের এলাকায় ছোট-বড় মিলিয়ে ২০ হাজার লিচু , আম, কাঁঠাল, কলা, পেপে বাগান রয়েছে। যার মধ্যে লিচু বাগান রয়েছে প্রায় ৭ হাজার। কিন্তু ঘূর্ণিঝড় আম্পানের তাণ্ডবে গোটা এলাকার সব ফসল নষ্ট হয়ে গেছে। প্রতি বছর এসব এলাকা থেকে ৫০ থেকে ৬০ কোটি টাকার আম ও লিচু বিক্রি হয় । তাই এ এলাকার কৃষকরা তাদের ফসলহানীর কারণে অনেক ক্ষতিগ্রস্ত হয়েছে। কৃষকের এই ক্ষতি পুষিয়ে নেয়া অনেক কষ্টসাধ্য ব্যাপার। মাগুরা সদর উপজেলার গোপালগ্রাম ইউনিয়নের চেয়ারম্যান নাজমুল হাসান রাজীর জানান, গোপালগ্রাম ইউনিয়নের ব্যাপক ফসলহানী,ঘরবাড়ি, শিক্ষাপ্রতিষ্ঠান বৃক্ষ সম্পদের ক্ষতি হয়েছে। শুপারী গাছ, পানের বরজ, আম কাঠাল,পেঁপে বেশী ক্ষতিগ্রস্থ হয়েছে।সরকারী সহযোগীতা ছাড়া এ ক্ষতি পূরণ করা ক্ষতিগ্রস্থদের পক্ষে সম্ভব নয়।,জেলা কৃষি সম্প্রসারণ অধিদপ্তরের উপপরিচালক জাহিদুল আমিন জানান,বর্তমানে জেলায়-৬০০ হেক্টর জমিতে লিচু, ১৩০০ হেক্টরে আম, ৭০০হেক্টরে কলা, ৬০০ হেক্টর জমিতে পেঁপে, ৬২০ হেক্টরে কাঠাল, ২০০ হেক্টর জমিতে নালিম,৭২০ হেক্টর মুগডাল, ২৭২০ হেক্টরে বিভিন্ন সবজি, ২৮২০ হেক্টরে তিল এবং ৩৫ হাজার ৪০ হেক্টর জমিতে পাট চাষ হয়েছে। ঝড় ও বৃষ্টিপাতে ক্ষতিগ্রস্ত মোট ৮ হাজার ৫৭১ হেক্টর জমির ফসলের মধ্যে পেঁপে ও কলার ক্ষেত সব চেয়ে বেশী ক্ষতিগ্রস্ত হয়েছে। ঝরে গেছে বিপুল সংখ্যক গাছের আম ও লিচু। ক্ষতি নিরুপণের কাজ চলছে।",সারা বাংলার খবর,https://www.dailyinqilab.com/article/293982/,মাগুরায় র্ঘূনিঝড় আমফানের আঘাতে ৮ হাজার ৫৭১ হেক্টর জমির ফসলের ক্ষতি
"গেল কয়েকদিনে একের পর এক মৃত্যুর সংবাদে বলিউড শোকাগ্রস্থ। এরই মধ্যে সোশ্যাল মিডিয়ায় বর্ষীয়ান অভিনেত্রী মুমতাজের মৃত্যুর খবর রটেছে। আর এমন খবরে প্রকাশ্যে আসতেই ক্যামেরার সামনে হাজির হলেন সত্তর দশকের জনপ্রিয় নায়িকা।,নিজের মৃত্যুর খবরের গুজব উড়িয়ে দিলেন অভিনেত্রী নিজেই। সম্প্রতি মেয়ে তানিয়া মাধবনির ইন্সটাগ্রাম হ্যান্ডেলে ওই খবর ভূয়া বললেন ´নাগিন´ খ্যাত চিত্রনায়িকা।,এক ভিডিওতে বার্তায় মুমতাজ বলেন, ""আমার সমস্ত ভক্তকে আমি ভালোবাসি। আমি মারা যায়নি। বেঁচে আছি। সবাই বলে ঠিকই, কিন্তু আমি মোটেও বয়স্ক নই। আপনাদের আশীর্বাদে আমি এখনও সুন্দর আছি।"",এর কিছুসময় পরে অভিনেত্রীর মেয়ে সামাজিক যোগাযোগ মাধ্যমে লিখেছেন, ""মায়ের পক্ষ থেকে তাঁর ভক্তদের জন্য বার্তা! কিছু সংবাদমাধ্যম আবারও তাঁর মৃত্যুর খবর ছড়িয়েছে, যেটি একেবারেই সত্য নয়। তিনি পুরোপুরি সুস্থ আছেন, ভালো আছেন।,এদিকে দীর্ঘদিন ধরে মরণব্যাধি ক্যান্সারের সঙ্গে লড়াই করছেন তিনি। হয়তো সেকারণে তাঁকে বৃদ্ধ-ক্লান্ত দেখায়। ৭৩ বছর বয়সেও তিনি সুস্থ, খুশি ও অনবদ্য রয়েছেন। দয়া করে উনাকে এসব থেকে রেহাই দিন। যোগ করে বলেন অভিনেত্রীর মেয়ে।,সত্তর এর দশকে বড় পর্দায় আবির্ভাব ঘটে অভিনেত্রী মুমতাজের। তাঁর অতিনীত উল্লেখযোগ্য কাজের মধ্যে রয়েছে ‘মেলা’, ‘অপরাধ’, ‘নাগিন’, ‘ব্রহ্মচারি’, ‘রাম অউর শ্যাম’, ‘দো রাস্তে আর কি কসম’ এবং ‘খিলোনা’-র মতো ব্যবসাসফল ছবিতে।",বিনোদন প্রতিদিন,https://www.dailyinqilab.com/article/293983/,বেঁচে আছেন সত্তর দশকের জনপ্রিয় অভিনেত্রী মুমতাজ
"চট্টগ্রাম থেকে নানা উপায়ে ঘরে ফিরছে মানুষ। এবার মাইক্রোবাসে ´ইমার্জেন্সি রোগীর´ স্টিকার লাগিয়ে যাত্রী পরিবহনের সময় একটি মাইক্রোবাস আটক করা হয়েছে। চট্টগ্রাম থেকে কক্সবাজার যাওয়ার সময় জেলা প্রশাসনের ভ্রাম্যমাণ আদালতের অভিযানে মাইক্রোবাস আটক ও জরিমানা করা হয়।,শনিবার বিকেলে বাকলিয়ার শাহ আমানত কর্ণফুলী ব্রীজে জেলা প্রশাসনের নির্বাহী ম্যাজিস্ট্রেট মোঃ তৌহিদুল ইসলাম ভ্রাম্যমাণ আদালতের এ অভিযান পরিচালনা করেন। এসময় চট্টগ্রাম শহর ছেড়ে দক্ষিণ চট্টগ্রামের বিভিন্ন উপজেলাসহ বান্দরবান এবং কক্সবাজার অভিমুখী প্রায় ১৫ টি মোটরবাইকের চাবি জব্দ করা হয়। মোটরবাইকের যাত্রী এবং চালকদের নিজ নিজ বাড়িতে ফেরত পাঠানো হয়েছে।,নির্বাহী ম্যাজিস্টেট জানান অভিযানে একটি মাইক্রোবাস আটক করা হয়। মাইক্রোবাসের গায়ে ইমারজেন্সি রোগী স্টিকার লাগানো ছিলো। কিন্তু পুলিশ দিয়ে মাইক্রোবাসটি তল্লাশী করে দেখা যায় মাইক্রোবাসের মধ্যে সবাই যাত্রী। এ অপরাধে ড্রাইভারকে আর্থিক সামর্থ্য বিবেচনায় এক হাজার টাকা জরিমানা করা হয়েছে। মাইক্রোবাসের কক্সবাজার অভিমুখী তিনটি পরিবারের যাত্রীদের চট্টগ্রাম শহরে তাদের নিজ বাসায় ফেরত পাঠানো হয়েছে।,তিনি বলেন, ব্যক্তিগত গাড়ির অপব্যবহার করে এবং গাড়ির গায়ে ""ইমারজেন্সি রোগী"" সহ বিভিন্ন ভুয়া স্টিকার লাগিয়ে অপকৌশলে অনেকে প্রাইভেট কার এবং মাইক্রোবাস ভাড়া করে চট্টগ্রাম শহর ছেড়ে দেশের বিভিন্ন জেলায় যাচ্ছেন। একই গাড়িতে কয়েকটি পরিবারের সদস্যরা দীর্ঘপথ ভ্রমণ করলে ,ভাইরাস সংক্রমণের ঝুঁকি প্রবল।,জেলা প্রশাসনের কর্মকর্তারা জানান চট্টগ্রামের বিভিন্ন পয়েন্টে ভ্রাম্যমাণ আদালতের কঠোর নজরদারি বাড়ানো হয়েছে।",সারা বাংলার খবর,https://www.dailyinqilab.com/article/293984/,চট্টগ্রামে ‘ইমার্জেন্সি রোগী’ স্টিকারযুক্ত গাড়িতে ঈদ যাত্রা
"বাংলাদেশের আকাশে শাওয়াল মাসের চাঁদ দেখা না যাওয়ায় পবিত্র ঈদুল ফিতর উদযাপিত হবে সোমবার (২৫ মে)।,শনিবার (২৩ মে) সন্ধ্যায় জাতীয় চাঁদ দেখা কমিটির বৈঠক শেষে এই সিদ্ধান্ত জানানো হয়। ধর্ম সচিব মোঃ নুরুল ইসলামের সভাপতিত্বে বায়তুল মোকাররম জাতীয় মসজিদের পূর্ব সাহানে চাঁদ দেখা কমিটি শনিবার সন্ধ্যায় বৈঠকে বসে।,বৈঠক শেষে ধর্ম সচিব সাংবাদিকদের জানান, বাংলাদেশের কোনো জায়গা থেকেই শাওয়াল মাসের চাঁদ দেখার খবর পাওয়া যায়নি। সুতরাং রোববার রমজান মাস ৩০ দিন পূর্ণ হবে এবং সোমবার পবিত্র ঈদুল ফিতর পালিত হবে।,সভায় তথ্য মন্ত্রণালয়ের অতিরিক্ত সচিব মোঃ মিজান-উল-আলম, ইসলামিক ফাউন্ডেশনের মহাপরিচালক আনিস মাহমুদ, ধর্ম বিষয়ক মন্ত্রণালয়ের অতিরিক্ত সচিব মু. আ. হামিদ জমাদ্দার, মন্ত্রিপরিষদ বিভাগের উপ-সচিব মো. শাফায়াত মাহবুব চৌধুরী, ওয়াকফ প্রশাসক (ভার:) এস. এম. হূমায়ুন কবির সরকার, ঢাকা জেলার এডিসি (সাধারণ) মোঃ শহিদুজ্জামান, তথ্য মন্ত্রণালয়ের সিনিয়র উপ-প্রধান তথ্য কর্মকর্তা মো. শাহেনুর মিয়া, শোলাকিয়াহ ঈদগাহের ইমাম মাওলানা ফরীদ উদ্দীন মাসঊদ, বাংলাদেশ টেলিভিশনের পরিচালক মুহা. নেছার উদ্দিন জুয়েল, বাংলাদেশ মহাকাশ গবেষণা ও দূর অনুধাবন প্রতিষ্ঠানের পিএসও আবু মোহাম্মদ, বাংলাদেশ আবহাওয়া অধিদপ্তরের আবহাওয়াবিদ ড. মোঃ আবদুল মান্নান, সরকারি মাদ্রাসা-ই-আলিয়ার অধ্যক্ষ মো. আলমগীর রহমান, বায়তুল মোকাররম জাতীয় মসজিদের সিনিয়র পেশ ইমাম হাফেজ মাওলানা মুহাম্মদ মিজানুর রহমান, চকবাজার শাহী জামে মসজিদের খতীব মাওলানা শেখ নাঈম রেজওয়ান ও লালবাগ শাহী জামে মসজিদের খতিব মুফতি মুহাম্মদ নেয়ামতুল্লাহ প্রমুখ উপস্থিত ছিলেন।,দীর্ঘ এক মাস সিয়াম সাধনার পর রোজাদারের জন্য পবিত্র ঈদুল ফিতর এক মহা আনন্দের দিন। ইতোমধ্যে সকলেই ঈদের সকল প্রস্তুতি প্রায় সম্পন্ন করেছেন। তবে অন্যান্য বছরের মতো এবার জাকজমকভাবে ঈদ উৎসব করা যাচ্ছে না। ঈদগাহে ঈদের নামাজ আদায় নিষিদ্ধ, মসজিদে ঈদের নামাজ আদায় করতে হবে। এবারের ঈদে কোলাকুলি করা যাবে না।,পবিত্র ঈদ মুসলমানদের মাঝে ভ্রাতৃত্বের বন্ধন সুদৃঢ় করে এবং সম্প্রীতি বৃদ্ধি করে। বিশ্ব মুসলিম একই আত্মার বন্ধনে আবদ্ধ এ কথা স্মরণ করিয়ে দেয় পবিত্র ঈদ। ধনী গরিব ভেদাভেদ ভুলিয়ে দিয়ে রাজা প্রজা এক কাতারে শামিল করিয়ে দেয় পবিত্র ঈদ। হিংসা বিদ্বেষ ও অহংকারসহ সকল অন্যায় ও পাপাচার মুছে দিয়ে নতুন করে সুখী পবিত্র জীবন যাপন শুরু করার তাগিদ এনে দেয় পবিত্র ঈদ। এবারের পরিবর্তিত সময়ে ঈদের এই শিক্ষা আরও বেশি প্রাসঙ্গিক।,এদিকে সউদী আরবসহ মধ্যপ্রাচ্যের বিভিন্ন দেশে শনিবার ৩০তম রোজা পালন করছেন। ওই সব দেশে রোববার (২৪ মে) পবিত্র ঈদুল ফিতর পালন করা হবে। তুরস্ক, ইন্দোনেশিয়া ও অস্ট্রেলিয়াতেও রোববার পবিত্র ঈদুল ফিতর উদযাপন হবে।",জাতীয় সংবাদ,https://www.dailyinqilab.com/article/293985/,"চাঁদ দেখা যায়নি, ঈদ সোমবার"
"কোভিড-১৯ এর সাথে যুদ্ধে প্রান্তিক মানুষের পাশে মানবিকতায় উদ্বুদ্ধ হয়ে সহযোগিতার হাত বাড়িয়ে দিয়েছে বহু মানুষ ও প্রতিষ্ঠান। সম্পূর্ণ ভিন্ন এই পরিস্থিতিতে প্রান্তিক মানুষের জন্য কাজ করছে এমন প্রতিষ্ঠানে ‘অনুদান’ প্রদান আরো সহজ করতে বিকাশ অ্যাপের মূল মেনুতে যুক্ত হল ‘অনুদান’।,নতুন এই সংযুক্তির ফলে এখন গ্রাহক খুব সহজে, খুব সামান্য সময় ব্যয় করে কয়েকটি ক্লিকেই ১১টি প্রতিষ্ঠানকে যে কোন পরিমান অর্থ অনুদান হিসেবে দিয়ে মানবিক কাজের সাথে যুক্ত হতে পারবেন।,অনুদান দিতে বিকাশ অ্যাপের ‘আরো’ আইকন থেকে ‘ডোনেশন’ নির্বাচন করতে হবে। যে প্রতিষ্ঠানকে অনুদান দিতে চান তা নির্বাচন করতে হবে, অনুদানের পরিমান দিয়ে পরের ধাপে নাম-ইমেইল আইডি দিয়ে সাবমিট করতে হবে। গ্রাহক চাইলে পরিচয় দিতে অনিচ্ছুক অপশন নির্বাচন করে নিজের পরিচয় গোপনও রাখতে পারবেন। পরের ধাপে পিন নম্বর দিয়ে অনুদান কার্যক্রম শেষ করার পর একটি প্রাপ্তি স্বীকার মেসেজ স্ক্রিনে দেখতে পাবেন।,অনুদানের জন্য নির্বাচিত প্রতিষ্ঠান সর্ম্পকে বিস্তারিত তথ্য প্রতিষ্ঠান নির্বাচন করে তার পরের স্ক্রিন থেকে জেনে নেয়ার সুযোগ পাবেন গ্রাহক। আবার অনুদানে অর্থ ব্যয়ের তথ্য সর্ম্পকে জানতে আগ্রহী হলে শেষ স্ক্রিনে প্রদত্ত ইমেইলে যোগাযোগ করতে পারবেন আগ্রহী দাতাগন।,বর্তমানে অল্টার ইয়ুথ, আঞ্জুমান মফিদুল ইসলাম, বাংলাদেশ থ্যালাসেমিয়া ফাউন্ডেশন, ব্র্যাক, সেন্টার ফর জাকাত ম্যানেজমেন্ট, ঢাকা আহসানিয়া মিশন, এক টাকায় আহার, বাংলাদেশ মুক্তিযুদ্ধ যাদুঘর, ন্যাশনাল লিভার ফাউন্ডেশন অব বাংলাদেশ, অভিযাত্রিক ফাউন্ডেশন এবং সাজেদা ফাউন্ডেশন এই ১১টি প্রতিষ্ঠান কে অনুদান দিতে পারবেন গ্রাহক।,সাধারণ মানুষ যেন আরো সহজে মানবিক উদ্যোগে অংশগ্রহন করে কোভিড-১৯ এর মত এই সংকটময় পরিস্থিতি আরো দূঢ়তার সাথে মোকাবেলা করতে পারেন সে কারণেই বিকাশের পক্ষ থেকে এই উদ্যোগ নেয়া হয়েছে। এই পরিস্থিতি শুরু হওয়ার বিকাশ অ্যাপের মাধ্যমে ব্যাপক সংখ্যক গ্রাহক বিদ্যানন্দ ফাউন্ডেশন, ব্র্যাক, আঞ্জুমানে মফিদুল ইসলামের মত প্রতিষ্ঠানগুলোতে অনুদান দিচ্ছে। বহুল ব্যবহৃত বিকাশ অ্যাপ দিয়ে এখন আরো সহজে নিজে ঘরে থেকেও প্রান্তিক মানুষের জন্য উদ্যোগ গ্রহনকারী প্রতিষ্ঠানগুলোর সঙ্গে বিকাশ গ্রাহকদের যাত্রা অব্যহত রাখতে অ্যাপ আইকনে যুক্ত হল ‘ডোনেশন’।",ব্যবসা বাণিজ্য,https://www.dailyinqilab.com/article/293986/,বিকাশের মাধ্যমে ‘অনুদান’ দেয়া আরো সহজ হল
"পবিত্র ঈদুল ফিতরের আগে সমর্থবান সকলের প্রতি সদক্বায়ে ফিতর ও যাকাত যথাযথ প্রাপ্য গরীবদের মাঝে বিলি-বণ্টনের আহ্বান জানিয়েছেন জমিয়তে উলামায়ে ইসলাম বাংলাদেশে’র মহাসচিব আল্লামা নূর হোসাইন কাসেমী।,আজ শনিবার এক বিবৃতিতে তিনি বলেছেন, ফিতরা’র উপকারিতা হল এতে রোজা পাকপবিত্র হয়ে আল্লাহ্ তাআলার দরবারে কবুল হওয়ার উপযুক্ত হয়। ফিতরা দানের ফলে দুনিয়া ও আখেরাতের বরকত এবং কবরের আযাব ও মৃত্যুর কষ্ট হতে নাজাতের আশা করা যায়।,আল্লামা কাসেমী বলেন, অপরদিকে যাকাত ইসলামের অত্যন্ত গুরুত্বপূর্ণ রোকন। ঈমানের পর সর্বাধিক গুরুত্বপূর্ণ ও অপরিহার্য ইবাদত হল নামায, তার পরই যাকাত। কুরআন মাজীদের বহু স্থানে নামাজের সাথে সাথে যাকাতের আদেশ করা হয়েছে এবং যাকাত আদায়ের মাধ্যমে আল্লাহর অনুগত মুমিনদের জন্য অশেষ সাওয়াব, রহমত ও মাগফিরাতের পাশাপাশি আত্মশুদ্ধিরও প্রতিশ্রুতি দেয়া হয়েছে।,জমিয়ত মহাসচিব বলেন, একদিকে রমজানে যে কোন ইবাদত-বন্দেগী ও দান-সদক্বায় অধিক নেকী এবং অফূরন্ত বরকত অর্জিত হয়। অন্যদিকে , মহামারীর কারণে প্রায় দুই মাস যাবত গরীব, দিনমজুর ও শ্রমিকদের কোন আয়-রোজগার নেই। অনেক দু:খ-কষ্টে পরিবার নিয়ে তারা মানবেতর জীবন যাপন করছেন। সুতরাং ঈদুল ফিতরের আগে আগে সদক্বায়ে ফিতর ও যাকাতের অর্থ যথাযথ প্রাপ্য হক্বদার গরীব-মিসকীনদের মাঝে বিলিবণ্টন করে দিন।",জাতীয় সংবাদ,https://www.dailyinqilab.com/article/293987/,ঈদুল ফিতরের আগে যাকাত-ফিতরা বণ্টন করুন-আল্লামা নূর হোসাইন কাসেমী
"স্বাস্থ্যবিধি না মেনেই রাজধানীতে ঈদের কেনাকাটা করছেন অনেকে। গত কয়েক দিনের তুলনায় রাজধানীর বিভিন্ন স্থানে ক্রেতা সমাগমও বেশি। তবে দেশে ,র ভয়াবহতা বাড়লেও ক্রেতা-বিক্রেতাদের মধ্যে স্বাস্থ্যবিধি মানার প্রবণতা খুবই কম। নেই নিরাপদ দূরত্বও। কেনাকাটার ক্ষেত্রে শপিং মলগুলোতে স্বাস্থ্যবিধি মানার ব্যবস্থা থাকলেও ছোট মার্কেটগুলি এর ব্যতিক্রম। ন্যূনতম স্বাস্থ্যবিধিও মানা হচ্ছেনা এখানে। ফলে বাড়ছে সংক্রমণের ঝুঁকি।,আন্তর্জাতিক খ্যাতিসম্পন্ন মেডিসিন বিশেষজ্ঞ এবং প্রধানমন্ত্রীর ব্যক্তিগত চিকিৎসক প্রফেসর ডা. এবিএম আব্দুল্লাহ বলেছেন, জাঁকজমক করে ঈদ করার চেয়ে জীবন বড়। বেঁচে থাকলে উৎসব করে মার্কেট করে আবার ঈদ করা যাবে। কিন্তু ঈদ করতে গিয়ে যেন জীবন ঝুঁকিতে না পড়ে সেদিকে সবার নজর দিতে হবে। ,সূত্র মতে, বসুন্ধরা শপিং মল, যমুনা ফিউচার পার্কসহ বড় বড় বড় শপিং মল বন্ধ থাকলেও বিভিন্ন মার্কেটে বিক্রি বাট্টা চলছে। বিশেষ করে ফুটপাত ও সড়কের পাশের দোকানগুলোতে ভিড় বেশি। নিউমার্কেট বন্ধ থাকলেও তার উল্টোদিকে গাউছিয়া ও চাঁদনী চক খোলা রয়েছে। সেখানে কেনাকাটাও চলছে বেশ। তবে ক্রেতা-বিক্রেতাদের মধ্যে নিরাপদ দূরত্ব নেই। অনেকে বাচ্চাদেরও নিয়ে এসেছেন ঈদের কেনাকাটা করতে। ,সরেজমিনে দেখা যায়, রাজধানীর গুলিস্তানের ফুটপাতে সামাজিক দূরত্ব না মেনেই সাধারণ মানুষ কেনাকাটা করছে। ভিড়ের কারণে সামাজিক দূরত্ব বজায় রাখা সম্ভব হচ্ছে না।,´বাইছ্যা লন, খুইজ্যা লন, এই দিকে এই দিকে, স্টক সীমিত। যেইড্যা লন একশ´, একশ।´ এভাবেই হাঁকডাক দিয়ে কেনাকাটা চলছে মিরপুর-১০ নম্বরের ফুটপাতে। স্বাস্থ্যবিধির কোনো বালাই নেই। অধিকাংশের মুখে মাস্ক থাকলেও অন্যান্য স্বাস্থ্যবিধি মেনে চলায় ভ্রুক্ষেপ নেই তেমন। ,ফুটপাতে পসরা সাজিয়ে বসা দোকানিরা জানান, দেশে , সংক্রমণের পর অনেক দিন ফুটপাতে দোকান বসানো হয়নি। গত কয়েকদিনে আবারও ফুটপাতে দেদার চলছে কেনাকাটা। ,গাউছিয়া ও চাঁদনী চক, গুলিস্তান এবং বাইতুল মোকাররমের সামনের রাস্তায় ভ্যানের ওপর ও রাস্তায় কয়েকশ’ দোকান খুলে বসে আছেন বিক্রেতারা। যেখানে কেনাবেচার হাঁকডাক চলছে। একাধিক ক্রেতা-বিক্রেতার সঙ্গে কথা হয়। সজল হোসেন নামে এক বিক্রেতা বলেন, দোকান না বহাইলে খামু কী। পেট কেমনে চলব। এরই মধ্যে অনেক দেনা হয়েছে। দোকান বহাইতে পারলে পেডে খাবার যাইব।,ইসমাইল নামে আরেক বিক্রেতা জানান, অনেক দিন দোকান বন্ধ ছিল তার। স্বাভাবিক সময় ফুটপাতে দোকান বসাতে নানা ঝক্কি-ঝামেলা পোহাতে হয়। এখন আরও ঝুঁকি নিয়ে দোকান বসিয়েছেন। প্রতিবার ঈদের আগে এই সময় কেনাবেচা বেশ জমে ওঠে। এবার , সবকিছু বদলে দিয়েছে। ,চাঁদনী চকে মনিরা হোসেন নামে এক নারীর সঙ্গে কথা হয়। তিনি জানান, ধানমন্ডি থেকে ছেলেমেয়েদের জন্য কিছু পোশাক কিনতে এসেছেন। অল্প সময়ের মধ্যে কিনে আবার বাসায় ফিরে যাবেন। ,শহীদ সোহরাওয়ার্দী মেডিকেল কলেজের ভাইরোলজি বিভাগের সহকারি অধ্যাপক ডা. জাহিদুর রহমান বলেন, যারা ঈদের বাজার করতে যাচ্ছেন তাদের পক্ষে সামাজিক দূরত্ব মেনে চলা সম্ভব নয়। তিনি বলেন, শুধুমাত্র মাস্ক আর গ্লাভস পরলেই , থেকে নিরাপদ থাকা সম্ভব নয়। তাহলে এতো সংখ্যক চিকিৎসক ও স্বাস্থ্যকর্মী সংক্রমিত হতো না। স্বাস্থ্যবিধি না মানায় এক্ষেত্রে ঝুঁকি আরও বাড়বে।,এ বিষয়ে একমত পোশন করেছেন স্বাস্থ্য অধিদফতরের ভারপ্রাপ্ত মহাপরিচালক প্রফেসর ডা. নাসিমা সুলতানা। তিনি বলেছেন, আমারা বলেছি ঘরে থাকতে, জনসমাগম এড়িয়ে চলতে, নয়তো , সংক্রমণ ছড়িয়ে পড়া রোধ করা যাবে না। এর ব্যতিক্রম হলে ভাইরাস ছড়িয়ে পড়বে- এটাই স্বাভাবিক।",জাতীয় সংবাদ,https://www.dailyinqilab.com/article/293988/,ঈদ কেনাকাটা : মানা হচ্ছে না স্বাস্থ্যবিধি
"মুন্সীগঞ্জের সিরাজদিখানে আজ শনিবার বিকালে নতুন করে বৃদ্ধাসহ ৪ জনের , শনাক্ত হয়েছে এবং সুস্থ্য হয়ে বাড়ী ফিরেছেন সাবেক ইউপি চেয়ারম্যানসহ ১১ জন। সিরাজদিখান উপজেলা স্বাস্থ্য র্কমর্কতা ডা: বদিউজ্জামান এ তথ্য নিশ্চিত করেন। তিনি জানান, রশুনিয়া ইউনিয়নের সন্তোষপাড়া গ্রামের ৭২ বছরের নারাী ও ৩৩, ২৫ বছর বয়সের দুই পুরুষ এবং বালুচর ইউনিয়নের ৫৭ বছরের ১ ইউপি সদস্যসহ ৪ জনের দেহে , ভাইরাস শনাক্ত হয়েছে । এ নিয়ে উপজেলায় মোট আক্রান্তের সংখ্যা ৭৫ জন ।,এদিকে, আজ , আক্রান্ত থেকে সুস্থ্য হয়ে বাড়ি ফিরেছেন ১১ জন । এ নিয়ে এ উপজেলায় মোট ৪৪ জন সুস্থ্য হয়ে বাড়ি ফিরলেন । উপজেলা স্বাস্থ্য কমপ্লেক্সের আইসোলেশন সেন্টারে থাকা উপজেলা স্বাস্থ্য কমপ্লেক্সের ১ জন চিকিৎসক, ৪ জন নার্স. লতব্দী ইউনিয়নের সাবেক চেয়ারম্যান হাফেজ মো.ফজলুল হক, সিরাজদিখান থানা ডিএসবির আবুল বাসার ,একজন নার্সের স্বামী এবং পল্লি বিদ্যুৎ অফিসের ৩ জন কর্মকর্তা আজ সুস্থ্য হয়ে বাসায় ফিরেছেন। দুই দফায় নমুনা সংগ্রহ করে ঢাকায় পাঠানো হলে তারা , মুক্ত বলে জানানো হয় বলে জানিয়েছেন উপজেলা স্বাস্থ্য র্কমর্কতা।",সারা বাংলার খবর,https://www.dailyinqilab.com/article/293989/,"সিরাজদিখানে বৃদ্ধাসহ ৪ জনের করোনা শনাক্ত, চিকিৎসকসহ ১১ জনের করোনা জয়"
"আসন্ন ঈদুল ফিতর উপলক্ষে দেশের অভ্যন্তরীণ বিভিন্ন রুটে চলাচল করা পার্সেল স্পেশাল ট্রেন চার দিন বন্ধ থাকবে। শনিবার (২৩ মে) বাংলাদেশ রেলওয়ে অপারেশন বিভাগ সূত্রে বিষয়টি জানা যায়।,রেলের অপারেশন বিভাগ জানায়, ঈদুল ফিতর উপলক্ষে অভ্যন্তরীণ রুটে ২৩ মে থেকে ২৬ মে পর্যন্ত টানা চার দিন পার্সেল স্পেশাল ট্রেন চলাচল বন্ধ থাকবে। ঈদের ছুটি শেষে আগামী ২৭ মে থেকে পুনরায় এই পার্সেল ট্রেন চলাচল শুরু হবে।,বর্তমানে বৈশ্বিক মহামারি ,ভাইরাসের বিস্তার রোধে সরকারি নির্দেশনা মোতাবেক বাংলাদেশ রেলওয়ের মালবাহী ট্রেনের পাশাপাশি বিভিন্ন রুটে কৃষকের উৎপাদিত পণ্য পরিবহনে ১ মে থেকে পার্সেল স্পেশাল ট্রেন চালাচল শুরু করে।,বর্তমানে যেসব রুটে পার্সেল ট্রেন চলাচল করছে সেগুলো হলো,- চট্টগ্রাম-সরিষাবাড়ী-চট্টগ্রাম, ঢাকা-ভৈরব বাজার-ঢাকা, বীর মুক্তিযোদ্ধা সিরাজুল ইসলাম রেলওয়ে স্টেশন (পঞ্চগড়)-ঢাকা, খুলনা-চিলাহাটি-খুলনা।,উল্লেখ্য,,ভাইরাসের কারণে গত ২৫ মার্চ সন্ধ্যা থেকে অভ্যন্তরীণ রুটে যাত্রীবাহী ট্রেন চলাচল বন্ধ রয়েছে। তবে মালবাহী ট্রেন চলাচল অব্যাহত ছিল।,এদিকে, আসন্ন ঈদুল ফিতর উপলক্ষে ব্যাংকের সাথে মিল রেখে ২০ মে থেকে ২৬ মে পর্যন্ত টানা ছয় দিন ভারতের সঙ্গে সব ধরনের মালবাহী ট্রেন চলাচল বন্ধ রাখবে বাংলাদেশ রেলওয়ে।",জাতীয় সংবাদ,https://www.dailyinqilab.com/article/293990/,ঈদে অভ্যন্তরীণ রুটে ৪ দিন বন্ধ থাকবে পার্সেল ট্রেন
"২৩ মে কক্সবাজারে ৩৯ জনের , পজিটিভ পাওয়া গেছে। কক্সবাজার মেডিকেল কলেজ ল্যাবে ৩৫৮ জনের নমুনা পরীক্ষায় এই ৩৯ জনের রিপোর্ট পজিটিভ আসে।,এর মধ্যে ৩৩ কক্সবাজার জেলার এবং অন্য ৬ জন জেলার বাইরের বলে জানা গেছে। ,তথ্যটি কক্সবাজার মেডিকেল কলেজ সূত্রে নিশ্চিত হওয়া গেছে। ,এদিকে কক্সবাজারে ২৩ মে পর্যন্ত ২১ রোহিঙ্গাসহ সর্ব মোট , রোগীর সংখ্যা দাড়াল ৩৪৮ জনে।,এপর্যন্ত ৪ জন মারা গেছে এবং সুস্থ হয়ে ঘরে ফিরেছেন ৬০ জন।",সারা বাংলার খবর,https://www.dailyinqilab.com/article/293991/,কক্সবাজারে করোনা রোগীর সংখ্যা ৩৪৮ জন
"কুষ্টিয়া জেলায় ঘূর্ণিঝড় আমফানের ক্ষয়ক্ষতি নিরসনে বেসামরিক প্রশাসনের পাশে দাঁড়িয়েছে বাংলাদেশ সেনাবাহিনী।বৃহস্পতিবার (২১ মে) সকাল ১০ থেকে সেনাবাহিনীর যশোর সেনানিবাস ২০ ইস্ট বেঙ্গল রেজিমেন্ট’র সেনা সদস্যরা কুষ্টিয়া জেলার বিভিন্ন স্থান পরিদর্শন করেন এবং বেসামরিক প্রশাসনের সহায়তায় ক্ষয়ক্ষতির তালিকা তৈরি করেন। একই সাথে বেসামরিক প্রশাসন’র সাথে সমন্বয় করে এই তালিকার প্রেক্ষিতে প্রয়োজনীয় ব্যবস্থা গ্রহণ করার উদ্যোগ গ্রহণ করে।, মহামারির মধ্যেই বঙ্গোপসাগরে তৈরি হওয়া ঘূর্ণিঝড় আমফান সুপার ঘূর্ণিঝড়ের রূপে ধেয়ে আসে দেশের উপকূলে। বুধবার ভোর রাতে এটি তান্ডব চালায় কুষ্টিয়া জেলায়।,কুষ্টিয়ায় ঘূর্ণিঝড় পরবর্তী অবস্থা সরেজমিনে পর্যবেক্ষণ ও ক্ষতিগ্রস্তদের মাঝে সহযোগিতায় এগিয়ে আসে ২০ ইস্ট বেঙ্গল রেজিমেন্ট, যশোর সেনানিবাসের সেনা সদস্যরা।সেনা সদস্যরা বিভিন্ন স্থানে ঝড়ে ভেঙে যাওয়া গাছপালা সরিয়ে মহাসড়ক এবং আঞ্চলিক সড়কসমূহ চলাচলের উপযোগী করেন। ঝড়ে রাস্তায় পড়ে থাকা গাছপালার কারণে তৈরি হওয়া দীর্ঘ যানজট নিরসনে কার্যকরী ভূমিকা পালনসহ ঝড়ের কবলে গৃহহীন ব্যক্তি ও ক্ষতিগ্রস্ত পরিবার এর অনুসন্ধান, তালিকা প্রস্তুত এবং জরুরী সাহায্য পৌঁছে দেওয়ার দায়িত্ব পালন করছে সেনাবাহিনী।,প্রসঙ্গত, ৫৫ পদাতিক ডিভিশনের ২০ ইস্ট বেঙ্গল রেজিমেন্ট যশোর সেনানিবাসের সেনা সদস্যরা কুষ্টিয়ার প্রত্যন্ত অঞ্চলের যেসকল কৃষক , কারণে সবজি বিক্রি করতে পারছেন না সে সকল ক্ষতিগ্রস্ত কৃষকের ক্ষেত থেকে ন্যায্য মূল্যে সবজি ক্রয় করে সেনানিবাসের সেনা সদস্যদের খাদ্য চাহিদা মিটিয়ে সেই সবজি ও নিজেদের প্রাপ্ত রেশন কুষ্টিয়া জেলার বিভিন্ন উপজেলায় প্রতিদিন ১৫০ দুস্থ অসহায় পরিবারের মাঝে বিতরণ করে আসছে।",সারা বাংলার খবর,https://www.dailyinqilab.com/article/293992/,কুষ্টিয়ায় ঘূর্ণিঝড় আমফানের ক্ষয়ক্ষতি নিরসনে এগিয়ে এসেছে সেনাবাহিনী
"দেশে , আক্রান্ত রোগীর সংখ্যা দিন দিন বেড়েই চলেছে। আক্রান্ত ও মৃতের সংখ্যা তৈরি হচ্ছে নতুন নতুন রেকর্ড। দেশের বিভিন্ন জেলায় গত ২৪ ঘণ্টায় নতুন করে শনাক্ত হয়েছেন এক হাজার ৮৭৩ জন। এতে মোট , রোগী শনাক্তের সংখ্যা বেড়ে দাঁড়িয়েছে ৩২ হাজার ৭৮ জনে। এ সময় ,য় মৃত্যু হয়েছে আরও ২০ জনের। মোট মৃতের সংখ্যা বেড়ে দাঁড়িয়েছে ৪৫২ জনে।,শনিবার (২৩ মে) দুপুরে স্বাস্থ্য অধিদপ্তরের ,ভাইরাস সংক্রান্ত নিয়মিত হেলথ বুলেটিনে এসব তথ্য জানান স্বাস্থ্য অধিদপ্তরের মহাপরিচালক (প্রশাসন) অধ্যাপক ডা. নাসিমা সুলতানা।,তিনি জানান, গত ২৪ ঘণ্টায় যারা মারা গেছেন, তাদের ১৬ জন পুরুষ ও চারজন নারী। চারজন ঢাকা বিভাগের, আটজন চট্টগ্রাম বিভাগের, দুজন করে রংপুর, রাজশাহী ও ময়মনসিংহ বিভাগের এবং একজন করে সিলেট ও খুলনা বিভাগের।,স্বাস্থ্য অধিদপ্তরের তথ্য অনুযায়ী, , আক্রান্ত রোগীদের তালিকার শীর্ষে আগের মতোই অবস্থান করছে ঢাকা জেলা। ঢাকায় , রোগী শনাক্ত হয়েছে ঢাকা ১৩ হাজার ৫৮ জন। আক্রান্তের তালিকায় দ্বিতীয় স্থানে থাকা নারায়ণগঞ্জে মোট শনাক্ত হয়েছে ১ হাজার ৫৯৯ জন করোন রোগী। , সংক্রমণের শুরুতে চট্টগ্রাম পিছিয়ে থাকলে গত কয়েদিন ধরে সেখানে বেড়ে গেছে , রোগীর সংখ্যা। আক্রান্তের তালিকায় তৃতীয় অবস্থানে ওঠে আসা চট্টগ্রামে মোট , রোগীর সংখ্যা এখন ১ হাজার ২৪৮ জন।,দেশের অন্যান্য জেলা , আক্রান্ত রোগীর সংখ্যা তুলে ধরা হলো- গাজীপুর ৫৪২, কুমিল্লা ৪২০, মুন্সীগঞ্জ ৪০০, ময়মনসিংহ ৩৫৬, রংপুর ৩৫৪, কক্সবাজার ২৫৯, কিশোরগঞ্জ ২১১, নোয়াখালী ২০৭, নরসিংদী ১৭৫, নেত্রকোনা ১৬৪, জামালপুর ১৫৭, গোপালগঞ্জ ১২৯, যশোর ১১৬, ফরিদপুর ১১৪, হবিগঞ্জ ১১২, লক্ষ্মীপুর ১০৪, জয়পুরহাট ৯৭, ফেনী ৯১, চুয়াডাঙা ৮৯, চাঁদপুর ৮৯, শরীয়তপুর ৮১, দিনাজপুর ৭৮, মাদারীপুর ৭১, ব্রাহ্মণবাড়িয়া ৬৮, শেরপুর ৬৬, মানিকগঞ্জ ৬৩, বরিশাল ৬৩, বগুড়া ৬৩, নীলফামারী ৬০, কুড়িগ্রাম ৫৮, নওগাঁ ৫৪, সুনামগঞ্জ ৫২, নাটোর ৪৯, সিলেট ৪৮, রাজশাহী ৪৭, ঝিনাইদহ ৪৭, চাঁপাইনবাবগঞ্জ ৪৪, রাঙ্গামাটি ৪৪, টাঙ্গাইল ৪৩, মৌলভীবাজার ৪০, খুলনা ৩৯, বরগুনা ৩৭, কুষ্টিয়া ৩৭, রাজবাড়ী ৩৬, ঠাকুরগাঁও ৩৫, সাতক্ষীরা ৩২, পটুয়াখালী ৩০, পাবনা ২৯, গাইবান্ধা ২৬, লালমনিরহাট ২৬, পঞ্চগড় ২৪, মাগুরা ২৩, নড়াইল ২০, ঝালকাঠী ১৬, খাগড়াছড়ি ১৬, বাগেরহাট ১৩, ভোলা ১৩, বান্দরবান ৯, সিরাজগঞ্জ ৯, পিরোজপুর ৭ ও মেহেরপুর ৫ জন।,দেশে গত ৮ মার্চ প্রথম , আক্রান্ত রোগী শনাক্ত করে আইইডিসিআর। তার ১০ দিন পর দেশে প্রথম , ভাইরাসে আক্রান্ত হয়ে মৃত্যু হয় একজনের। এরপর প্রথম দিকে কয়েকজন করে নতুন আক্রান্ত রোগীর খবর মিললেও গত কয়েকদিনে লাফিয়ে লাফিয়ে বাড়ছে এ সংখ্যা।",জাতীয় সংবাদ,https://www.dailyinqilab.com/article/293993/,কোন জেলায় কতজন করোনা শনাক্ত
"কুয়েতে অবস্থিত বাংলাদেশ দূতাবাসের শ্রম কল্যাণ উইংয়ের প্রশাসনিক কর্মকর্তা মো. মনিরুল ইসলাম , পজিটিভ ধরা পড়েছে। কুয়েতের একটি হাসপাতালে তিনি চিকিৎসাধীন রয়েছেন। কুয়েত থেকে নির্ভরযোগ্য সূত্র এতথ্য জানিয়েছে। প্রবাসী কল্যাণ মন্ত্রণালয় হতে গত বছর কুয়েতস্থ বাংলাদেশ দূতাবাসের শ্রম কল্যাণ উইং এ প্রেষণে নিয়োগপ্রাপ্ত হন। সরকারি ত্রাণ কার্যক্রম সম্পাদন করতে গিয়েই তিনি ,য় আক্রান্ত হয়েছেন বলে কুয়েত থেকে একটি সূত্র জানায়। ,কুয়েত স্বাস্থ্য মন্ত্রণালয় জানিয়েছে, দেশটিতে আজ শনিবার নতুন করে ৯০০ জন ,ভাইরাসে আক্রান্ত হয়েছে। এ নিয়ে দেশটিতে আক্রান্তের সংখ্যা দাঁড়ালো ২০ হাজার ৫৬৪জন। ,য় আক্রান্ত হয়ে আজ আরো দশ জন মারা গেছে। এ নিয়ে দেশটিতে ,য় মৃতের সংখ্যা দাঁড়ালো ১৪৮ জনে। এ পর্যন্ত সুস্থ হয়েছে ৫ হাজার ৭৪৭ জন। ,উল্লেখ্য,প্রবাসী কর্মীদের ত্রাণ কার্যক্রমে অংশ নিতে গিয়ে সউদী আরবের জেদ্দাস্থ বাংলাদেশ কনস্যুলেটের শ্রম কাউন্সেলর মো.আমিনুল ইসলাম গত ১২ এপ্রিল ,ভাইরাসে আক্রান্ত হন। দীর্ঘ এক মাস চিকিৎসা শেষে সুস্থ হয়ে তিনি সম্প্রতি বাড়ি ফিরেছেন।",প্রবাস জীবন,https://www.dailyinqilab.com/article/293994/,কুয়েতে বাংলাদেশ দূতাবাসের কর্মকর্তা মনিরুল করোনায় আক্রান্ত
"আগামী সোমবার পবিত্র ঈদুল ফিতর। এ উপলক্ষে আগামীকাল রোববার (২৪ মে) সন্ধ্যা সাড়ে সাতটায় জাতির উদ্দেশে ভাষণ দেবেন প্রধানমন্ত্রী ,। শনিবার (২৩ মে) প্রধানমন্ত্রীর প্রেস উইং থেকে দেওয়া এক বিজ্ঞপ্তিতে এ তথ্য জানানো হয়েছে।,ভাষণে দেশবাসীর সঙ্গে পবিত্র ঈদের আনন্দ ভাগাভাগি করে নেওয়ার পাশাপাশি দেশবাসীর কল্যাণ কামনা এবং , পরিস্থিতিতে করণীয় এবং বিভিন্ন নির্দেশনা থাকতে পারে বলে ধারণা করা হচ্ছে।,প্রসঙ্গত বাংলাদেশের আকাশে আজ শনিবার (২৩ মে) শাওয়াল মাসের চাঁদ দেখা না যাওয়ায় সোমবার বাংলাদেশে পালিত হবে ঈদুল ফিতর। শনিবার (২৩ মে) দেশের আকাশে চাঁদ না ওঠার খবর জানিয়েছে জাতীয় চাঁদ দেখা কমিটি। ১৪৪১ হিজরি সনের পবিত্র শাওয়াল মাসের চাঁদ দেখার সংবাদ পর্যালোচনা এবং এ বিষয়ে সিদ্ধান্ত নিতে সন্ধ্যায় এ কমিটির সভা হয়।",জাতীয় সংবাদ,https://www.dailyinqilab.com/article/293995/,ঈদ উপলক্ষে রোববার জাতির উদ্দেশে ভাষণ দেবেন প্রধানমন্ত্রী
"আসন্ন ঈদ উপলক্ষে সালমান খানের বিগ বাজেটের ছবি ´রাধে: ইউর মোস্ট ওয়ান্টেড ভাই´ ছবিটি দেশব্যাপী মুক্তি পাওয়ার কথা ছিলো। কিন্তু এবারের ঈদে কোনও ছবি প্রেক্ষাগৃহে আসছে না। যার কারণ ইতোমধ্যে সবারই জানা। , পরিস্থিতি একবার কেটে গেলেই বিশেষ দিনে ছবিটি মুক্তি দিবেন অভিনেতা।,তবে চমকপ্রদ তথ্য হলো- দক্ষিণী সিনেমার পরিচালক পুরী জগন্নাথের পরবর্তী সিনেমায় দেখা যাবে বলিউড ভাইজান সালমান খানকে।,প্যান ইন্ডিয়া প্রকল্পের বিষয়টি নিয়ে সালমানের সঙ্গে পরিচালকের আলোচনা হয়েছে। পাশাপাশি ছবির চিত্রনাট্যও অভিনেতার কাছে বর্ণনা করেছেন বলে জানা গেছে।,এর আগে চলচ্চিত্র নির্মাতা জগ্ননাথ বলিউডের বিগ বিকে নিয়ে নির্মাণ করেছিলেন ´বুড্ডা হোগা তেরি বাপ´। ছবিটি বক্স অফিসে বেশ জনপ্রিয়তা পেয়েছিলো। সেই ধারাবাহিকতায় দক্ষিণী পরিচালক তার পরবর্তী পরিকল্পনার কথা আগেভাগেই ভেবে রেখেছেন।,জানা গিয়েছে, সালমান স্ক্রিপ্টটি মনোযোগ সহকারে শুনেছেন এবং , উঠে গেলেই তিনি পরিচালকের সঙ্গে দেখা করবেন। ছবিটির গল্প বীরত্বের চাদরে মোড়ানো। হয়তো নতুন ধামাকার জন্য সালমান ভক্তদের আরো বেশ কিছুদিন অপেক্ষা করতে হবে।,এদিকে, ´রাধে: ইউর মোস্ট ওয়ান্টেড ভাই´ ছবির কিছু অংশের শুটিং এখনও বাকি রয়েছে। শোনা যাচ্ছে, অভিনেতা তার প্যানভেলের ফার্ম হাউসে একটি দৃশ্যের জন্য প্রস্তুতি নিচ্ছেন এবং সেটির জন্য কঠোর পরিশ্রম করছেন। ছবিতে সালমান খান ছাড়াও অভিনয় করেছেন দিশা পাটানি, রণদীপ হুদা ও জ্যাকি শ্রফ।",বিনোদন প্রতিদিন,https://www.dailyinqilab.com/article/293996/,দক্ষিনী পরিচালক পুরী জগন্নাথের সিনেমায় সালমান খান
"বলিউডে আবারও শোকের ছায়া। মারা গেলেন অভিনেতা বরুণ ধাওয়ানের খালা। তার মৃত্যুতে রীতিমতো ভেঙে পড়েছেন ´বদ্রি কা দুলহানিয়া´ খ্যাত নায়ক। সোশ্যাল মিডিয়ায় একটি ছবি শ্যেয়ার করে মৃত্যুর খবরটি নিশ্চিত করেছেন অভিনেতা নিজেই।,এর আগে সামাজিক যোগাযোগ মাধ্যমে বরুণ লিখেছিলেন, তার কাছের এক আত্মীয় ,য় আক্রান্ত। যদিও অভিনেতার খালার কি কারণে মৃত্যু হয়েছে সে বিষয়ে খোলাসা করে কিছু বলেননি তিনি। একটি ছবি শেয়ার করে ক্যাপশনে লিখেছেন, তোমাকে খুব ভালোবাসি খালা।,বরুণের খালার মৃত্যুতে সোশ্যাল মিডিয়ায় শোকবার্তা জানাচ্ছেন বলিউডের প্রথম সারির তারকারা। এ তালিকায় রয়েছেন- সোনাম কাপুর, মৌনি রায়, নুসরাত ভারুচা, সোফি চৌধুরী সহ অনেকেই।,সোনাম কাপুর লিখেছেন, দুঃখিত বরুণ! অন্যদিকে সোফি লিখেছেন, তোমার এই ক্ষতির জন্য ক্ষমা করো। পরিবারের প্রতি অনেক ভালোবাসা ও সমবেদনা। তার আত্মার শান্তি কামনা করি।,এদিকে , শুরুর আগে ´কুলি নাম্বার ওয়ান´ ছবির কাজ শেষ করেন বরুণ ধাওয়ান। এতে তার বিপরীতে অভিনয় করেন সাইফ কন্যা সারা আলী খান। ছবিটি পরিচালনা করেন অভিনেতার বাবা ডেভিড ধাওয়ান।",বিনোদন প্রতিদিন,https://www.dailyinqilab.com/article/293997/,শোকের ছায়া বরুণ ধাওয়ানের পরিবারে
"চট্টগ্রামে ,কালেও থেমে নেই মারামারি খুনোখুনি। শনিবার চট্টগ্রামের সীতাকুণ্ডে দুই পরিবারের মধ্যে মারামারিতে রুহুল আমিন (৭০) নামের এক বৃদ্ধ নিহত হয়েছেন।,থানার ওসি রাতে ইনকিলাবকে বলেন, ঘটনা ঠিক মারামারি নয় বৃদ্ধ রুহুল আমিনকে হত্যা করা হয়েছে।,উপজেলার বাঁশবাড়িয়া ইউনিয়নের ২ নম্বর ওয়ার্ড উত্তর বাঁশবাড়িয়া গ্রামে এ ঘটনা ঘটে।,খবর পেয়ে পুলিশ ঘটনাস্থল পরিদর্শন করে এবং নিহতের লাশ ময়নাতদন্তের জন্য মর্গে প্রেরণ করেছে। পুলিশ ও স্থানীয় সূত্রে জানা যায়, বাঁশবাড়িয়া গ্রামের মীর হোসেন সেরাং বাড়ির বহুল আমিনের পরিবারের সাথে জায়গা-জমি নিয়ে পার্শ্ববর্তী রফিকুল আলমের পরিবারের দীর্ঘদিন বিরোধ ছিল। এর জের ধরেই এ খুনের ঘটনা।",সারা বাংলার খবর,https://www.dailyinqilab.com/article/293998/,চট্টগ্রামে মারামারিতে বৃদ্ধ খুন
